{
    "SSNvD_antenna_part1.stl": [
        [
            -22.0,
            -22.0,
            -20.0
        ],
        [
            0.0,
            22.0,
            37.625
        ]
    ],
    "SSNvD_antenna_part2.stl": [
        [
            0.0,
            -22.0,
            -20.0
        ],
        [
            22.0,
            22.0,
            37.625
        ]
    ],
    "SSNvD_antenna_top.stl": [
        [
            -25.0,
            -25.0,
            32.0
        ],
        [
            25.0,
            25.0,
            41.7931
        ]
    ],
    "SSNvD_battery_frame_part1.stl": [
        [
            -18.0,
            -18.0,
            -130.0
        ],
        [
            18.0,
            18.0,
            0.0
        ]
    ],
    "SSNvD_battery_frame_part2.stl": [
        [
            -18.0,
            -18.0,
            -130.0
        ],
        [
            18.0,
            18.0,
            0.0
        ]
    ],
    "SSNvD_battery_cable_clamp.stl": [
        [
            -16.0,
            -14.9,
            0.0
        ],
        [
            0.0,
            14.9,
            5.0
        ]
    ],
    "SSNvD_radio_frame_part1.stl": [
        [
            -18.0,
            -18.0,
            -123.0
        ],
        [
            0.0,
            18.0,
            0.0
        ]
    ],
    "SSNvD_radio_frame_part2.stl": [
        [
            0.0,
            -18.0,
            -123.0
        ],
        [
            18.0,
            18.0,
            0.0
        ]
    ],
    "SSNvD_solar_mount.stl": [
        [
            0.0,
            -34.0,
            -36.0
        ],
        [
            30.2,
            34.0,
            36.0
        ]
    ],
    "SSNvD_end_cap.stl": [
        [
            -20.0,
            -20.0,
            -3.0
        ],
        [
            20.0,
            20.0,
            11.0
        ]
    ],
    "SSNvD_end_cap_ring.stl": [
        [
            -20.0,
            -20.0,
            -0.599991
        ],
        [
            20.0,
            20.0,
            10.0
        ]
    ],
    "SSNvD_spacer.stl": [
        [
            8.94871,
            -17.9916,
            -7.0
        ],
        [
            30.0,
            17.9916,
            7.0
        ]
    ]
}