{
    "SSNvA_radio_cable_clamp.stl": [
        [
            -4.0,
            -11.0,
            -53.0
        ],
        [
            3.0,
            11.0,
            -43.0
        ]
    ],
    "SSNvA_solar_mount.stl": [
        [
            0.0,
            -27.6,
            -31.6
        ],
        [
            30.2,
            27.6,
            27.6
        ]
    ],
    "SSNvA_antenna_part1.stl": [
        [
            -22.0,
            -22.0,
            -20.0
        ],
        [
            0.0,
            22.0,
            66.12
        ]
    ],
    "SSNvA_antenna_part2.stl": [
        [
            0.0,
            -22.0,
            -20.0
        ],
        [
            22.0,
            22.0,
            66.12
        ]
    ],
    "SSNvA_antenna_top.stl": [
        [
            -25.0,
            -25.0,
            62.0
        ],
        [
            25.0,
            25.0,
            73.4483
        ]
    ],
    "SSNvA_cable_clamp.stl": [
        [
            -4.0,
            -11.0,
            -53.0
        ],
        [
            3.0,
            11.0,
            -43.0
        ]
    ],
    "SSNvA_radio_frame_part1.stl": [
        [
            -18.0,
            -18.0,
            -114.0
        ],
        [
            0.0,
            18.0,
            0.0
        ]
    ],
    "SSNvA_radio_frame_part2.stl": [
        [
            0.0,
            -18.0,
            -114.0
        ],
        [
            18.0,
            18.0,
            0.0
        ]
    ],
    "SSNvA_scrutonM40.stl": [
        [
            -30.0008,
            -30.0008,
            0.0
        ],
        [
            30.0008,
            30.0008,
            161.6
        ]
    ],
    "SSNvA_battery_frame_part1.stl": [
        [
            -18.0,
            -18.0,
            0.0
        ],
        [
            0.0,
            18.0,
            133.0
        ]
    ],
    "SSNvA_battery_frame_part2.stl": [
        [
            0.0,
            -18.0,
            0.0
        ],
        [
            18.0,
            18.0,
            133.0
        ]
    ],
    "SSNvA_battery_screw_handle.stl": [
        [
            -6.9,
            -6.43733,
            0.0
        ],
        [
            6.9,
            6.43733,
            7.0
        ]
    ]
}